1,1,1,1,1,1,1,1,1,1,1,1,1,1,1,1,1.64112,1.80347,1.77084,1.63669,1.77593,1.81647,1.66367,1,1,1,1,1,1,1,1,1,1,1,1,1,1,1,1,1,1,1,1,1,1,1,1,1,1,1,1,1,1,1,
1,1,1,1,1,1,1,1,1,1,1,1,1,1,1.64303,2.24213,2.56448,3.21387,3.08335,2.54676,3.10372,3.26591,2.65473,2.5268,2.61462,1,1,1,1,1,1,1,1,1,1,1,1,1,1,1,1,1,1,1,1,1,1,1,1,1,1,1,1,1,
1,1,1,1,1,1,1,1,1,1,1,1,1,2.39878,2.57218,2.40406,3.04405,3.20767,2.57275,2.93044,2.60224,3.30529,3.35312,3.4529,6.46007,6.86124,1,1,1,1,1,1,1,1,1,1,1,1,1,1,1,1,1,1,1,1,1,1,1,1,1,1,1,1,
1,1,1,1,1,1,1,1,1,1,1,1.80116,2.72177,3.02308,3.88484,4.28759,3.7985,1.80192,1.64319,1,1.65056,7.89923,10.3151,16.3117,18.3933,16.9904,14.8905,9.17017,6.73103,1,1,1,1,1,1,1,1,1,1,1,1,1,1,1,1,1,1,1,1,1,1,1,1,1,
1,1,1,1,1,1,1,1,1,1,2.59584,3.20469,3.86419,4.20784,5.94466,6.86268,8.15198,10.2756,9.77604,11.149,18.8599,24.3003,33.9196,39.4208,46.1445,45.5846,38.5852,32.6923,22.9322,16.7854,7.60417,1,1,1,1,1,1,1,1,1,1,1,1,1,1,1,1,1,1,1,1,1,1,1,
1,1,1,1,1,1,1,1,1.53171,2.41262,3.17876,4.9548,4.04448,4.2692,4.82519,9.35827,21.7521,28.9606,35.1167,40.611,47.1658,59.3159,67.9969,73.6633,77.2247,76.6609,72.1026,65.2845,55.057,40.2245,26.4264,18.8581,9.53489,6.4416,1,1,1,1,1,1,1,1,1,1,1,1,1,1,1,1,1,1,1,1,
1,1,1,1,1,1,1,1.53171,2.12683,2.4718,3.76048,5.39169,3.35904,1.83976,8.56458,23.1284,36.5605,55.0063,66.9354,76.2084,84.7915,93.863,101.156,106.082,108.502,107.801,103.946,97.345,87.8363,75.4537,61.505,45.0233,34.1524,21.7743,13.195,1,1,1,1,1,1,1,1,1,1,1,1,1,1,1,1,1,1,1,
1,1,1,1,1,1,1,2.01539,2.03556,2.12684,5.49289,5.49355,3.21315,15.0205,25.4425,42.6242,65.5287,83.6266,97.4781,108.572,118.013,126.28,132.781,137.105,139,138.196,134.627,128.401,119.568,108.317,95.1724,80.4807,65.8458,48.9638,27.016,15.0607,1,1,1,1,1,1,1,1,1,1,1,1,1,1,1,1,1,1,
1,1,1,1,1,1,1.5065,2.02601,2.01539,3.68348,8.72093,12.5862,22.4507,30.6605,55.183,75.58,95.3742,112.577,126.874,138.696,148.525,156.583,162.71,166.686,168.328,167.482,164.09,158.182,149.826,139.172,126.472,111.954,95.8447,77.2606,55.1221,29.2381,15.8021,1,1,1,1,1,1,1,1,1,1,1,1,1,1,1,1,1,
1,1,1,1,1,1,1.52216,2.08865,2.02601,5.5753,18.3071,32.1413,42.5835,63.5046,85.1124,105.22,123.908,140.547,154.868,166.947,176.951,184.97,190.945,194.763,196.305,195.474,192.224,186.559,178.522,168.2,155.707,141.119,124.403,105.178,83.0195,57.8539,29.9823,15.812,1,1,1,1,1,1,1,1,1,1,1,1,1,1,1,1,
1,1,1,1,1,1,2.19899,2.32865,1.58216,8.09433,28.3874,51.1232,70.7401,91.7327,112.632,132.385,150.615,166.972,181.259,193.438,203.54,211.582,217.528,221.308,222.846,222.076,218.96,213.487,205.674,195.559,183.18,168.543,151.583,132.122,109.995,85.2238,58.0993,29.2774,14.7022,1,1,1,1,1,1,1,1,1,1,1,1,1,1,1,
1,1,1,1,1,1.61684,2.46743,3.2261,1.80652,17.6612,40.1531,69.2786,93.5953,116.149,137.41,157.209,175.348,191.636,205.941,218.2,228.394,236.504,242.496,246.32,247.92,247.249,244.27,238.966,231.332,221.372,209.086,194.45,177.404,157.85,135.714,111.02,83.962,55.0337,25.5416,7.38541,1,1,1,1,1,1,1,1,1,1,1,1,1,1,
1,1,1,1,1,1.66095,2.64393,4.10881,8.65387,26.5167,58.9965,88.3163,114.309,137.976,159.791,179.85,198.109,214.479,228.879,241.254,251.568,259.789,265.884,269.81,271.524,270.984,268.158,263.019,255.55,245.734,233.549,218.958,201.902,182.31,160.115,135.278,107.767,77.3983,43.1514,19.1145,1,1,1,1,1,1,1,1,1,1,1,1,1,1,
1,1,1,1,1,1,3.30229,6.56693,22.1697,43.1105,77.067,106.773,133.467,157.796,180.092,200.477,218.964,235.516,250.084,262.624,273.101,281.479,287.725,291.802,293.671,293.295,290.641,285.68,278.382,268.72,256.658,242.15,225.137,205.549,183.309,158.336,130.525,99.7051,65.695,29.3195,8.32987,1,1,1,1,1,1,1,1,1,1,1,1,1,
1,1,1,1,1,1,5.53973,18.1653,35.0319,64.9157,95.4723,124.354,151.127,175.811,198.49,219.213,237.986,254.787,269.585,282.343,293.028,301.609,308.052,312.322,314.385,314.206,311.751,306.986,299.879,290.392,278.483,264.099,247.178,227.646,205.415,180.382,152.41,121.29,86.657,47.6046,20.6471,1,1,1,1,1,1,1,1,1,1,1,1,1,
1,1,1,1,1,1,7.7689,27.0857,53.0938,82.1219,111.655,140.172,167.033,192.014,215.053,236.133,255.236,272.341,287.421,300.447,311.389,320.216,326.897,331.402,333.696,333.746,331.519,326.979,320.088,310.805,299.084,284.868,268.091,248.676,226.531,201.546,173.589,142.497,108.112,70.4751,30.9982,8.74955,1,1,1,1,1,1,1,1,1,1,1,1,
1,1,1,1,1,1,9.27616,33.1175,64.1957,94.9119,124.97,153.794,180.994,206.363,229.809,251.285,270.765,288.223,303.636,316.977,328.22,337.336,344.298,349.076,351.638,351.951,349.983,345.697,339.053,330.009,318.514,304.511,287.933,268.701,246.722,221.888,194.073,163.133,128.918,91.2438,49.5412,21.0787,1,1,1,1,1,1,1,1,1,1,1,1,
1,1,1,1,1,1,10.3037,37.2297,71.7301,104.461,135.65,165.205,192.977,218.86,242.785,264.714,284.62,302.48,318.272,331.974,343.561,353.01,360.292,365.38,368.246,368.857,367.18,363.18,356.817,348.046,336.819,323.076,306.751,287.767,266.033,241.444,213.879,183.207,149.303,112.121,71.9582,30.7882,8.69704,1,1,1,1,1,1,1,1,1,1,1,
1,1,1,1,1,1,11.0253,40.1177,77.1131,111.663,144.111,174.573,203.061,229.554,254.03,276.467,296.848,315.157,331.374,345.48,357.455,367.275,374.917,380.353,383.558,384.5,383.148,379.467,373.417,364.957,354.036,340.599,324.582,305.909,284.494,260.237,233.018,202.698,169.114,132.084,91.4433,47.2178,12.8044,1,1,1,1,1,1,1,1,1,1,1,
1,1,1,1,1,1,11.5403,42.1792,81.0279,117.086,150.713,182.107,211.364,238.525,263.602,286.595,307.498,326.3,342.986,357.539,369.942,380.174,388.212,394.033,397.611,398.917,397.922,394.592,388.89,380.774,370.199,357.111,341.45,323.147,302.123,278.282,251.511,221.667,188.542,151.784,110.595,62.6717,27.07,1,1,1,1,1,1,1,1,1,1,1,
1,1,1,1,1,1,11.9018,43.6261,83.8248,121.071,155.713,187.979,218.001,245.851,271.564,295.153,316.618,335.955,353.151,368.193,381.064,391.746,400.218,406.459,410.443,412.146,411.539,408.591,403.267,395.529,385.334,372.634,357.374,339.493,318.921,295.575,269.36,240.156,207.803,172.066,132.584,88.9206,41.6295,20.0889,1,1,1,1,1,1,1,1,1,1,
1,1,1,1,1,1,12.1346,44.5581,85.6712,123.794,159.264,192.307,223.059,251.601,277.971,302.188,324.254,344.166,361.914,377.485,390.864,402.034,410.975,417.669,422.093,424.223,424.034,421.496,416.579,409.248,399.464,387.184,372.362,354.945,334.874,312.085,286.507,258.063,226.672,192.272,154.888,114.88,73.6357,34.7439,16.3161,1,1,1,1,1,1,1,1,1,
1,1,1,1,1,1,12.2437,44.9951,86.6081,125.311,161.423,195.144,226.589,255.82,282.868,307.744,330.449,350.976,369.317,385.457,399.383,411.078,420.525,427.705,432.6,435.186,435.442,433.341,428.856,421.956,412.608,400.775,386.418,369.493,349.956,327.759,302.857,275.212,244.804,211.67,175.977,138.19,99.3601,61.3714,26.5336,7.6334,1,1,1,1,1,1,1,1,
1,1,1,1,1,1,12.2138,44.8759,86.5584,125.562,162.16,196.486,228.601,258.53,286.282,311.854,335.238,356.425,375.401,392.152,406.664,418.921,428.908,436.607,442.002,445.072,445.798,444.157,440.126,433.678,424.785,413.417,399.542,383.126,364.136,342.542,318.316,291.446,261.942,229.861,195.347,158.684,120.341,80.9035,40.7838,11.1959,1,1,1,1,1,1,1,1,
1,1,1,1,1,1,11.9979,44.0123,85.2921,124.364,161.358,196.271,229.073,259.735,288.232,314.546,338.658,360.55,380.207,397.612,412.751,425.608,436.168,444.417,450.339,453.918,455.137,453.976,450.417,444.436,436.012,425.119,411.734,395.831,377.388,356.385,332.811,306.665,277.963,246.747,213.08,177.024,138.535,97.1913,51.725,13.9312,1,1,1,1,1,1,1,1,
1,1,1,1,1,1,11.4807,41.9427,82.337,121.392,158.828,194.402,227.964,259.425,288.732,315.846,340.74,363.39,383.776,401.88,417.687,431.181,442.349,451.178,457.655,461.765,463.496,462.833,459.758,454.255,446.307,435.894,422.998,407.602,389.691,369.257,346.296,320.814,292.83,262.368,229.439,193.988,155.724,113.691,64.9594,29.1849,6.70231,1,1,1,1,1,1,1,
1,1,1,1,1,1,10.3655,37.4799,76.8217,116.184,154.351,190.782,225.238,257.598,287.794,315.779,341.518,364.983,386.151,405.002,421.519,435.688,447.497,456.935,463.991,468.654,470.915,470.761,468.181,463.163,455.692,445.756,433.341,418.437,401.037,381.137,358.742,333.866,306.531,276.763,244.584,209.976,172.845,132.998,90.4703,47.805,22.8204,6.7051,1,1,1,1,1,1,
1,1,1,1,1,1,7.79838,27.2065,67.3803,108.312,147.797,185.373,220.889,254.264,285.441,314.375,341.03,365.373,387.379,407.026,424.297,439.18,451.662,461.735,469.393,474.627,477.431,477.798,475.72,471.187,464.191,454.724,442.776,428.343,411.422,392.016,370.135,345.8,319.042,289.903,258.44,224.723,188.865,151.121,112.205,73.9792,39.4964,16.8117,1,1,1,1,1,1,
1,1,1,1,1,1,1,21.1111,53.2652,98.0202,139.335,178.255,214.961,249.456,281.707,311.674,339.318,364.607,387.51,408.005,426.075,441.708,454.895,465.63,473.91,479.73,483.089,483.984,482.409,478.36,471.833,462.822,451.323,437.334,420.856,401.897,380.471,356.602,330.333,301.721,270.854,237.866,202.976,166.572,129.359,92.4798,57.2149,23.7618,6.94044,1,1,1,1,1,
1,1,1,1,1,1,1,11.9282,43.7353,87.2931,129.441,169.576,207.521,243.22,276.633,307.718,336.433,362.737,386.6,407.997,426.911,443.331,457.252,468.673,477.592,484.012,487.934,489.359,488.287,484.717,478.648,470.078,459.006,445.431,429.357,410.793,389.755,366.271,340.386,312.165,281.713,249.184,214.824,179.01,142.307,105.452,69.1686,33.8487,9.46218,1,1,1,1,1,
1,1,1,1,1,1,1,8.6075,30.4458,74.0882,117.727,159.305,198.598,235.591,270.26,302.556,332.427,359.825,384.714,407.067,426.869,444.112,458.796,470.922,480.496,487.524,492.014,493.97,493.397,490.298,484.674,476.527,465.856,452.663,436.951,418.729,398.013,374.826,349.211,321.233,290.988,258.625,224.365,188.528,151.549,113.951,76.2151,38.4836,10.6209,1,1,1,1,1,
1,1,1,1,1,1,1,1,22.8499,56.9851,104.226,147.529,188.235,226.604,262.63,296.241,327.364,355.939,381.923,405.288,426.022,444.121,459.59,472.439,482.678,490.321,495.379,497.863,497.782,495.143,489.95,482.205,471.91,459.067,443.677,425.746,405.284,382.309,356.855,328.972,298.737,266.268,231.738,195.39,157.561,118.694,79.3184,39.8907,10.9727,1,1,1,1,1,
1,1,1,1,1,1,1,1,12.4215,45.7114,90.8012,134.544,176.459,216.269,253.777,288.83,321.318,351.161,378.312,402.744,424.45,443.434,459.708,473.291,484.201,492.458,498.082,501.088,501.49,499.297,494.518,487.155,477.212,464.687,449.581,431.893,411.626,388.789,363.397,335.481,305.088,272.289,237.191,199.943,160.771,120.053,78.5361,37.78,10.445,1,1,1,1,1,
1,1,1,1,1,1,1,1,8.77792,31.1289,74.8475,119.568,163.029,204.534,243.732,280.395,314.378,345.59,373.981,399.532,422.245,442.135,459.227,473.548,485.129,493.997,500.178,503.695,504.567,502.806,498.423,491.423,481.807,469.574,454.718,437.233,417.112,394.351,368.946,340.9,310.224,276.937,241.064,202.637,161.69,118.322,73.0516,28.7079,8.17698,1,1,1,1,1,
1,1,1,1,1,1,1,1,1,22.2732,53.9954,102.015,147.776,191.392,232.564,271.043,306.669,339.351,369.05,395.763,419.508,440.317,458.229,473.286,485.529,494.997,501.723,505.737,507.062,505.716,501.712,495.054,485.745,473.779,459.147,441.835,421.825,399.097,373.627,345.391,314.36,280.503,243.771,204.071,161.194,114.598,62.6901,23.8495,1,1,1,1,1,1,
1,1,1,1,1,1,1,1,1,9.79531,35.2018,82.8623,130.877,176.964,220.422,260.938,298.354,332.6,363.663,391.567,416.354,438.08,456.803,472.581,485.47,495.52,502.772,507.264,509.024,508.074,504.429,498.096,489.075,477.358,462.931,445.772,425.853,403.136,377.578,349.126,317.719,283.284,245.727,204.905,160.58,112.284,59.1445,15.7861,1,1,1,1,1,1,
1,1,1,1,1,1,1,1,1,1,24.6601,59.4753,112.09,161.416,207.542,250.315,289.65,325.531,357.989,387.089,412.908,435.531,455.04,471.513,485.022,495.626,503.38,508.325,510.498,509.924,506.62,500.593,491.844,480.363,466.13,449.117,429.282,406.576,380.932,352.274,320.51,285.535,247.231,205.469,160.097,110.913,57.6365,15.4091,1,1,1,1,1,1,
1,1,1,1,1,1,1,1,1,1,10.7549,39.0437,92.7588,145.303,194.32,239.501,280.835,318.376,352.223,382.49,409.302,432.779,453.032,470.16,484.249,495.374,503.597,508.968,511.528,511.307,508.323,502.587,494.098,482.844,468.802,451.936,432.197,409.519,383.818,354.992,322.92,287.463,248.484,205.871,159.587,109.732,56.5208,15.1302,1,1,1,1,1,1,
1,1,1,1,1,1,1,1,1,1,1,28.4343,70.739,128.936,181.222,228.894,272.234,311.403,346.577,377.94,405.672,429.934,450.868,468.594,483.215,494.817,503.471,509.235,512.153,512.259,509.576,504.115,495.875,484.843,470.995,454.29,434.67,412.058,386.353,357.428,325.126,289.267,249.663,206.169,158.811,108.002,54.7462,14.6865,1,1,1,1,1,1,
1,1,1,1,1,1,1,1,1,1,1,15.3367,57.3839,114.678,169.012,218.965,264.22,304.903,341.277,373.611,402.15,427.099,448.629,466.882,481.974,494.002,503.043,509.161,512.405,512.812,510.407,505.204,497.204,486.394,472.748,456.224,436.759,414.267,388.635,359.713,327.307,291.174,251.024,206.561,157.648,104.814,50.4905,13.6226,1,1,1,1,1,1,
1,1,1,1,1,1,1,1,1,1,1,11.0486,40.2203,99.5635,157.442,210.071,257.181,299.183,336.545,369.662,398.851,424.358,446.382,465.077,480.571,492.965,502.345,508.775,512.31,512.988,510.839,505.878,498.108,487.518,474.086,457.767,438.501,416.198,390.739,361.959,329.635,293.457,252.993,207.631,156.563,99.2042,38.4237,10.6059,1,1,1,1,1,1,
1,1,1,1,1,1,1,1,1,1,1,1,31.5602,82.0755,147.37,203.021,251.647,294.567,332.582,366.221,395.861,421.776,444.174,463.218,479.037,491.736,501.4,508.099,511.886,512.805,510.886,506.147,498.596,488.226,475.016,458.929,439.909,417.87,392.698,364.231,332.239,296.39,256.159,210.636,157.925,93.0939,46.1836,1,1,1,1,1,1,1,
1,1,1,1,1,1,1,1,1,1,1,1,20.3672,77.5205,143.182,199.313,248.209,291.315,329.51,363.354,393.22,419.378,442.027,461.323,477.39,490.33,500.225,507.145,511.146,512.27,510.553,506.015,498.668,488.511,475.531,459.698,440.965,419.262,394.49,366.51,335.129,300.069,260.921,217.064,167.565,111.312,49.2447,22.6359,1,1,1,1,1,1,
1,1,1,1,1,1,1,1,1,1,1,1,31.7243,80.9754,144.762,199.156,246.946,289.425,327.304,361.031,390.907,417.153,439.936,459.393,475.633,488.751,498.824,505.919,510.092,511.386,509.839,505.476,498.314,488.358,475.606,460.037,441.621,420.308,396.026,368.677,338.128,304.208,266.7,225.379,180.135,131.451,81.7124,37.3189,17.1079,1,1,1,1,1,
1,1,1,1,1,1,1,1,1,1,1,18.3846,42.0018,97.7805,151.975,201.914,247.379,288.58,325.759,359.122,388.837,415.046,437.868,457.408,473.757,486.996,497.196,504.419,508.721,510.147,508.735,504.516,497.512,487.738,475.199,459.893,441.804,420.908,397.167,370.529,340.932,308.309,272.611,233.87,192.337,148.776,104.914,63.5968,27.1262,7.78155,1,1,1,1,
1,1,1,1,1,1,1,1,1,1,7.89077,27.5792,66.3313,112.344,159.689,205.462,248.456,288.201,324.532,357.417,386.88,412.977,435.773,455.337,471.741,485.051,495.33,502.638,507.026,508.542,507.227,503.115,496.235,486.612,474.261,459.196,441.421,420.937,397.741,371.828,343.196,311.863,277.887,241.418,202.775,162.555,121.67,81.0848,40.9286,11.2321,1,1,1,1,
1,1,1,1,1,1,1,1,1,1,15.4292,40.05,79.521,121.759,165.223,208.101,249.161,287.676,323.249,355.682,384.89,410.853,433.59,453.142,469.561,482.9,493.216,500.565,504.997,506.559,505.297,501.249,494.451,484.936,472.732,457.868,440.368,420.258,397.567,372.33,344.596,314.441,281.983,247.411,211.01,173.163,134.244,94.2133,51.529,20.874,1,1,1,1,
1,1,1,1,1,1,1,1,1,5.4225,17.6995,49.1768,86.0735,126.135,167.592,208.872,248.784,286.525,321.598,353.717,382.735,408.589,431.266,450.788,467.193,480.527,490.841,498.188,502.619,504.182,502.925,498.891,492.124,482.663,470.551,455.828,438.539,418.733,396.467,371.81,344.85,315.703,284.522,251.509,216.916,181.021,144.054,106.076,67.007,27.9798,7.99496,1,1,1,
1,1,1,1,1,1,1,1,1,5.41237,17.6589,48.9641,85.5922,125.303,166.385,207.321,246.947,284.469,319.382,351.389,380.329,406.127,428.762,448.249,464.619,477.918,488.193,495.497,499.881,501.396,500.092,496.016,489.219,479.748,467.657,452.998,435.835,416.235,394.281,370.07,343.721,315.379,285.223,253.467,220.354,186.131,151.011,115.123,78.4935,40.9311,16.6276,1,1,1,
1,1,1,1,1,1,1,1,1,1,15.2847,39.5022,78.1532,119.28,161.565,203.38,243.577,281.441,316.547,348.655,377.639,403.443,426.061,445.511,461.831,475.065,485.265,492.483,496.774,498.188,496.779,492.6,485.705,476.149,463.995,449.307,432.163,412.649,390.867,366.938,341.005,313.242,283.849,253.06,221.131,188.321,154.875,121.01,86.973,53.275,21.5884,6.39711,1,1,
1,1,1,1,1,1,1,1,1,1,7.73458,26.9535,64.3499,108.27,153.445,197.349,238.892,277.581,313.177,345.563,374.69,400.553,423.17,442.579,458.828,471.968,482.054,489.143,493.289,494.548,492.975,488.625,481.556,471.831,459.518,444.694,427.446,407.875,386.103,362.267,336.535,309.1,280.191,250.067,219.015,187.331,155.3,123.171,91.1803,59.6427,29.0908,8.2727,1,1,
1,1,1,1,1,1,1,1,1,1,1,17.7607,40.113,92.1584,142.814,189.961,233.403,273.214,309.471,342.234,371.559,397.501,420.117,439.47,455.621,468.631,478.563,485.475,489.426,490.471,488.669,484.076,476.753,466.767,454.191,439.11,421.621,401.837,379.891,355.941,330.169,302.79,274.058,244.266,213.75,182.867,151.961,121.296,91.0027,61.0633,31.1446,8.78616,1,1,
1,1,1,1,1,1,1,1,1,1,1,1,29.4098,73.5706,131.897,182.545,227.878,268.792,305.703,338.839,368.351,394.355,416.946,436.211,452.227,465.067,474.798,481.484,485.185,485.957,483.859,478.948,471.287,460.942,447.992,432.524,414.645,394.475,372.16,347.868,321.796,294.176,265.281,235.444,205.063,174.597,144.513,115.145,86.5373,58.5008,30.4365,10.6154,1,1,
1,1,1,1,1,1,1,1,1,1,1,1,17.5773,66.3486,124.85,176.704,223.091,264.753,302.142,335.549,365.18,391.191,413.706,432.835,448.668,461.289,470.77,477.177,480.572,481.011,478.55,473.246,465.159,454.355,440.913,424.923,406.495,385.757,362.863,337.99,311.344,283.162,253.73,223.405,192.656,162.103,132.47,104.321,77.5602,51.9996,28.1114,8.02785,3.00696,1,
1,1,1,1,1,1,1,1,1,1,1,1,16.7626,63.0875,120.633,172.579,219.34,261.356,298.985,332.508,362.146,388.076,410.444,429.372,444.965,457.312,466.489,472.564,475.598,475.644,472.755,466.983,458.383,447.019,432.965,416.312,397.17,375.674,351.983,326.281,298.777,269.705,239.334,208.008,176.232,144.828,115.049,88.1842,63.4322,39.8531,17.9911,7.50475,1,1,
1,1,1,1,1,1,1,1,1,1,1,1,16.3603,61.4766,118.19,169.878,216.637,258.703,296.344,329.81,359.321,385.064,407.195,425.849,441.135,453.148,461.966,467.656,470.275,469.872,466.492,460.181,450.986,438.963,424.178,406.719,386.695,364.242,339.528,312.746,284.107,253.831,222.135,189.259,155.594,122.044,90.7995,65.9917,44.1665,22.0049,10.999,1,1,1,
1,1,1,1,1,1,1,1,1,1,1,1,16.1747,60.7329,116.941,168.341,214.918,256.824,294.278,327.515,356.755,382.19,403.985,422.279,437.188,448.805,457.209,462.463,464.617,463.714,459.789,452.877,443.012,430.236,414.607,396.199,375.118,351.504,325.532,297.415,267.38,235.639,202.331,167.47,130.972,93.0443,56.1698,36.8518,21.2546,11.8149,1,1,1,1,
1,1,1,1,1,1,1,1,1,1,1,1,16.1453,60.6143,116.667,167.853,214.157,255.734,292.818,325.653,354.47,379.468,400.82,418.666,433.123,444.283,452.221,456.992,458.64,457.195,452.681,445.116,434.518,420.91,404.329,384.835,362.522,337.529,310.048,280.324,248.637,215.245,180.268,143.464,103.878,59.0477,29.8044,10.213,6.31364,1,1,1,1,1,
1,1,1,1,1,1,1,1,1,1,1,1,16.2808,61.1558,117.419,168.47,214.398,255.469,291.985,324.233,352.465,376.892,397.689,414.997,428.929,439.573,446.997,451.247,452.356,450.341,445.209,436.957,425.58,411.077,393.455,372.748,349.027,322.423,293.145,261.491,227.849,192.642,156.192,118.356,78.0955,35.2858,9.82145,1,1,1,1,1,1,1,
1,1,1,1,1,1,1,1,1,1,1,1,16.6636,62.687,119.543,170.425,215.77,256.08,291.788,323.241,350.715,374.43,394.559,411.24,424.578,434.653,441.524,445.225,445.776,443.178,437.416,428.466,416.292,400.858,382.133,360.106,334.809,306.345,274.926,240.912,204.843,167.458,129.63,91.7594,50.9045,22.5476,1,1,1,1,1,1,1,1,
1,1,1,1,1,1,1,1,1,1,1,1,17.5283,66.1466,123.797,174.131,218.442,257.608,292.205,322.627,349.161,372.022,391.374,407.343,420.025,429.487,435.776,438.914,438.903,435.727,429.35,419.718,406.763,390.402,370.552,347.139,320.124,289.546,255.583,218.622,179.342,138.856,99.208,64.2042,29.7772,8.44429,1,1,1,1,1,1,1,1,
1,1,1,1,1,1,1,1,1,1,1,1,30.2917,74.2025,131.526,180.07,222.521,260.014,293.146,322.29,347.703,369.576,388.05,403.234,415.208,424.024,429.715,432.288,431.729,428.003,421.051,410.789,397.11,379.881,358.949,334.151,305.339,272.429,235.488,194.852,151.201,105.522,60.204,32.1021,16.4698,1,1,1,1,1,1,1,1,1,
1,1,1,1,1,1,1,1,1,1,1,20.2282,43.0188,95.2475,144.195,188.314,227.817,263.08,294.415,322.06,346.196,366.965,384.478,398.818,410.045,418.195,423.285,425.308,424.234,420.009,412.551,401.749,387.456,369.483,347.601,321.531,290.965,255.609,215.306,170.266,121.203,67.8903,33.0236,9.02551,1,1,1,1,1,1,1,1,1,1,
1,1,1,1,1,1,1,1,1,1,15.9559,33.9261,72.9024,115.694,157.859,197.386,233.606,266.369,295.707,321.703,344.45,364.033,380.524,393.979,404.435,411.913,416.414,417.916,416.377,411.725,403.861,392.647,377.904,359.392,336.803,309.733,277.666,239.975,196.051,145.84,91.5349,40.8563,11.2141,1,1,1,1,1,1,1,1,1,1,1,
1,1,1,1,1,1,1,1,1,7.47772,25.9202,58.8554,95.0602,132.898,170.332,205.978,239.102,269.371,296.662,320.949,342.25,360.6,376.034,388.581,398.26,405.074,409.01,410.036,408.096,403.109,394.961,383.498,368.519,349.751,326.827,299.237,266.252,226.789,179.244,121.612,54.2866,24.7857,1,1,1,1,1,1,1,1,1,1,1,1,
1,1,1,1,1,1,1,1,1,17.152,40.8623,76.5823,111.686,146.642,180.768,213.301,243.698,271.632,296.933,319.521,339.367,356.471,370.838,382.476,391.385,397.556,400.964,401.568,399.304,394.085,385.792,374.266,359.3,340.615,317.834,290.418,257.556,217.878,168.662,103.15,55.7139,8.74276,1,1,1,1,1,1,1,1,1,1,1,1,
1,1,1,1,1,1,1,1,6.94003,23.7677,56.9948,91.0028,124.567,157.358,188.97,218.969,246.996,272.798,296.217,317.161,335.58,351.451,364.761,375.503,383.664,389.222,392.146,392.389,389.885,384.543,376.249,364.851,350.154,331.905,309.772,283.309,251.9,214.682,170.498,118.375,61.4436,30.9821,15.6826,1,1,1,1,1,1,1,1,1,1,1,
1,1,1,1,1,1,1,1,9.52391,34.1064,68.4022,101.951,134.334,165.395,194.959,222.813,248.752,272.61,294.266,313.638,330.675,345.345,357.625,367.495,374.936,379.92,382.411,382.357,379.695,374.339,366.182,355.089,340.892,323.387,302.321,277.393,248.265,214.62,176.398,134.487,92.4626,58.5052,27.7572,13.2133,1,1,1,1,1,1,1,1,1,1,
1,1,1,1,1,1,1,1,11.0696,40.2907,76.6176,110.15,141.538,171.072,198.828,224.77,248.816,270.876,290.874,308.749,324.457,337.965,349.247,358.28,365.037,369.488,371.596,371.31,368.569,363.297,355.398,344.761,331.252,314.719,294.994,271.911,245.344,215.3,182.114,146.804,111.474,78.8539,48.5386,21.1019,6.27547,1,1,1,1,1,1,1,1,1,
1,1,1,1,1,1,1,1,18.5901,46.4773,83.6913,116.582,146.712,174.667,200.677,224.815,247.081,267.445,285.868,302.31,316.74,329.128,339.449,347.679,353.791,357.753,359.528,359.069,356.321,351.217,343.679,333.616,320.928,305.513,287.27,266.13,242.089,215.28,186.082,155.234,123.845,92.9423,62.466,31.8777,8.96943,1,1,1,1,1,1,1,1,1,
1,1,1,1,1,1,1,6.97425,23.9032,57.9696,91.1538,121.863,150.174,176.344,200.558,222.914,243.455,262.184,279.089,294.151,307.347,318.655,328.052,335.516,341.019,344.533,346.022,345.444,342.751,337.886,330.786,321.383,309.604,295.385,278.674,259.456,237.781,213.802,187.822,160.306,131.802,102.655,72.5349,39.9537,16.3281,1,1,1,1,1,1,1,1,1,
1,1,1,1,1,1,1,9.41489,33.6681,66.3894,97.1575,125.629,151.886,176.109,198.448,219.005,237.834,254.96,270.386,284.106,296.105,306.368,314.876,321.607,326.539,329.643,330.888,330.238,327.651,323.08,316.478,307.791,296.972,283.981,268.797,251.432,231.946,210.471,187.217,162.462,136.475,109.392,81.0983,51.4154,21.3638,6.34094,1,1,1,1,1,1,1,1,
1,1,1,1,1,1,1,16.5999,40.4072,72.8086,101.523,127.695,151.739,173.88,194.265,212.985,230.099,245.635,259.605,272.011,282.843,292.091,299.74,305.77,310.162,312.891,313.929,313.246,310.806,306.573,300.509,292.577,282.743,270.986,257.3,241.705,224.257,205.053,184.23,161.942,138.318,113.395,87.0866,59.2652,30.0465,8.51162,1,1,1,1,1,1,1,1,
1,1,1,1,1,1,6.50056,22.0067,51.1822,78.9611,104.497,127.969,149.593,169.526,187.879,204.724,220.108,234.058,246.588,257.699,267.389,275.647,282.463,287.82,291.701,294.084,294.947,294.262,292.003,288.139,282.643,275.486,266.647,256.115,243.891,229.994,214.469,197.381,178.814,158.848,137.53,114.838,90.6246,64.5339,35.5646,14.4179,1,1,1,1,1,1,1,1,
1,1,1,3.07406,4.38056,5.71323,16.0418,32.8622,59.3852,83.4027,105.595,126.167,145.229,162.861,179.124,194.062,207.704,220.069,231.167,241.001,249.566,256.857,262.862,267.57,270.964,273.028,273.74,273.081,271.027,267.556,262.646,256.277,248.435,239.113,228.316,216.06,202.376,187.305,170.896,153.187,134.185,113.851,92.0769,68.7037,43.687,18.1104,5.52759,1,1,1,1,1,1,1,
1,1,4.97407,8.2968,13.5234,18.855,27.3151,46.077,66.1255,85.7133,104.372,121.944,138.378,153.663,167.806,180.82,192.714,203.497,213.172,221.74,229.197,235.538,240.753,244.831,247.76,249.524,250.109,249.496,247.667,244.605,240.293,234.718,227.87,219.744,210.345,199.686,187.786,174.672,160.369,144.892,128.235,110.354,91.1631,70.5405,48.3815,24.7587,7.18967,1,1,1,1,1,1,1,
1,2.90001,7.60048,15.6661,22.946,30.5886,40.3418,54.0264,69.3571,84.9939,100.287,114.924,128.751,141.693,153.717,164.806,174.955,184.162,192.424,199.739,206.102,211.508,215.948,219.414,221.895,223.378,223.851,223.301,221.712,219.071,215.366,210.587,204.728,197.785,189.762,180.668,170.515,159.32,147.095,133.847,119.563,104.21,87.714,69.9362,50.553,28.5474,12.792,3.47005,1,1,1,1,1,1,
1,3.68424,10.7376,19.8244,28.0114,36.221,45.4511,56.3504,68.3112,80.6546,92.9052,104.769,116.073,126.717,136.646,145.826,154.242,161.883,168.743,174.816,180.098,184.582,188.261,191.129,193.176,194.392,194.768,194.292,192.954,190.743,187.651,183.669,178.793,173.022,166.358,158.806,150.375,141.075,130.914,119.894,108.01,95.2475,81.5763,66.958,51.3599,34.8827,18.6226,9.88108,5.60364,1,1,1,1,1,
1,3.8817,11.5274,20.8864,29.0605,36.8419,44.9049,53.6317,62.9074,72.4398,81.9486,91.2206,100.109,108.52,116.392,123.689,130.389,136.478,141.947,146.79,151,154.574,157.504,159.785,161.409,162.37,162.659,162.268,161.188,159.414,156.937,153.752,149.856,145.248,139.93,133.904,127.178,119.757,111.647,102.853,93.3778,83.2258,72.4109,60.9781,49.058,37.0077,25.7304,16.9031,8.53403,5.07875,2.12074,1,1,1,
1,3.62181,10.4878,19.1367,26.5081,33.1894,39.7066,46.3799,53.2672,60.2742,67.26,74.0924,80.6673,86.9096,92.7683,98.2101,103.213,107.765,111.854,115.477,118.626,121.298,123.488,125.191,126.402,127.115,127.325,127.026,126.212,124.877,123.018,120.629,117.71,114.259,110.277,105.767,100.733,95.1784,89.1093,82.5316,75.4541,67.8932,59.8839,51.5006,42.8968,34.3665,26.3919,19.4688,13.2338,7.78126,4.48308,2.75521,1,1,
1,2.82207,7.28862,14.6676,20.6501,25.7076,30.3612,34.9259,39.5224,44.1487,48.7475,53.2487,57.5888,61.7184,65.6015,69.2135,72.538,75.5642,78.2849,80.6949,82.7903,84.5678,86.024,87.1558,87.9597,88.432,88.5689,88.3667,87.8217,86.9304,85.6898,84.0978,82.1527,79.8542,77.2027,74.2,70.8483,67.151,63.1121,58.7375,54.0368,49.0281,43.7457,38.2548,32.6703,27.1748,22.0053,17.3483,13.1519,9.40861,6.15119,2.5378,1.63445,1,
1,1,4.72122,7.59668,11.7199,14.634,17.1102,19.4476,21.7572,24.0621,26.3468,28.5824,30.7399,32.7952,34.7298,36.531,38.19,39.7007,41.0593,42.2629,43.3095,44.1972,44.9243,45.4892,45.8901,46.1253,46.1929,46.091,45.8178,45.3716,44.751,43.9549,42.9826,41.8338,40.5089,39.0085,37.334,35.4869,33.4697,31.2859,28.9415,26.4478,23.825,21.1093,18.3596,15.6605,13.1084,10.7685,8.61766,6.5504,4.1754,2.6783,1,1,
1,1,1,2.89917,3.92998,4.65851,5.27755,5.86191,6.4393,7.01553,7.58669,8.1456,8.68498,9.19879,9.68246,10.1328,10.5475,10.9252,11.2648,11.5657,11.8274,12.0493,12.2311,12.3723,12.4725,12.5313,12.5482,12.5228,12.4544,12.3429,12.1878,11.9887,11.7456,11.4585,11.1272,10.7521,10.3335,9.87173,9.36743,8.82147,8.23538,7.61194,6.95625,6.27733,5.58991,4.91512,4.2771,3.69213,3.15441,2.6376,2.04385,1,1,1,
1,1,1,1,1,1,1,1,1,1,1,1,1,1,1,1,1,1,1,1,1,1,1,1,1,1,1,1,1,1,1,1,1,1,1,1,1,1,1,1,1,1,1,1,1,1,1,1,1,1,1,1,1,1